{"tissue_hires_scalef": 0.07277491, "tissue_lowres_scalef": 0.021832472, "fiducial_diameter_fullres": 304.6581876187358, "spot_diameter_fullres": 188.5979256687412}